[{"__symbolic":"module","version":3,"metadata":{"Location":{"__symbolic":"class","decorators":[{"__symbolic":"call","expression":{"__symbolic":"reference","module":"@angular/core","name":"Injectable"}}],"members":{"__ctor__":[{"__symbolic":"constructor","parameters":[{"__symbolic":"reference","module":"./location_strategy","name":"LocationStrategy"}]}],"path":[{"__symbolic":"method"}],"isCurrentPathEqualTo":[{"__symbolic":"method"}],"normalize":[{"__symbolic":"method"}],"prepareExternalUrl":[{"__symbolic":"method"}],"go":[{"__symbolic":"method"}],"replaceState":[{"__symbolic":"method"}],"forward":[{"__symbolic":"method"}],"back":[{"__symbolic":"method"}],"subscribe":[{"__symbolic":"method"}]},"statics":{"normalizeQueryParams":{"__symbolic":"function","parameters":["params"],"value":{"__symbolic":"if","condition":{"__symbolic":"binop","operator":"&&","left":{"__symbolic":"reference","name":"params"},"right":{"__symbolic":"binop","operator":"!==","left":{"__symbolic":"index","expression":{"__symbolic":"reference","name":"params"},"index":0},"right":"?"}},"thenExpression":{"__symbolic":"binop","operator":"+","left":"?","right":{"__symbolic":"reference","name":"params"}},"elseExpression":{"__symbolic":"reference","name":"params"}}},"stripTrailingSlash":{"__symbolic":"function","parameters":["url"],"value":{"__symbolic":"error","message":"Expression form not supported","line":172,"character":77}}}}}},{"__symbolic":"module","version":1,"metadata":{"Location":{"__symbolic":"class","decorators":[{"__symbolic":"call","expression":{"__symbolic":"reference","module":"@angular/core","name":"Injectable"}}],"members":{"__ctor__":[{"__symbolic":"constructor","parameters":[{"__symbolic":"reference","module":"./location_strategy","name":"LocationStrategy"}]}],"path":[{"__symbolic":"method"}],"isCurrentPathEqualTo":[{"__symbolic":"method"}],"normalize":[{"__symbolic":"method"}],"prepareExternalUrl":[{"__symbolic":"method"}],"go":[{"__symbolic":"method"}],"replaceState":[{"__symbolic":"method"}],"forward":[{"__symbolic":"method"}],"back":[{"__symbolic":"method"}],"subscribe":[{"__symbolic":"method"}]},"statics":{"normalizeQueryParams":{"__symbolic":"function","parameters":["params"],"value":{"__symbolic":"if","condition":{"__symbolic":"binop","operator":"&&","left":{"__symbolic":"reference","name":"params"},"right":{"__symbolic":"binop","operator":"!==","left":{"__symbolic":"index","expression":{"__symbolic":"reference","name":"params"},"index":0},"right":"?"}},"thenExpression":{"__symbolic":"binop","operator":"+","left":"?","right":{"__symbolic":"reference","name":"params"}},"elseExpression":{"__symbolic":"reference","name":"params"}}},"stripTrailingSlash":{"__symbolic":"function","parameters":["url"],"value":{"__symbolic":"error","message":"Expression form not supported","line":172,"character":77}}}}}}]