[{"__symbolic":"module","version":3,"metadata":{"isPromise":{"__symbolic":"select","expression":{"__symbolic":"reference","module":"@angular/core","name":"___core_private__"},"member":"isPromise"},"isObservable":{"__symbolic":"select","expression":{"__symbolic":"reference","module":"@angular/core","name":"___core_private__"},"member":"isObservable"}}},{"__symbolic":"module","version":1,"metadata":{"isPromise":{"__symbolic":"select","expression":{"__symbolic":"reference","module":"@angular/core","name":"___core_private__"},"member":"isPromise"},"isObservable":{"__symbolic":"select","expression":{"__symbolic":"reference","module":"@angular/core","name":"___core_private__"},"member":"isObservable"}}}]